<?xml version="1.0" encoding="UTF-8"?>
<metadata xml:lang="en"><Esri><CreaDate>20200622</CreaDate><CreaTime>18471900</CreaTime><ArcGISFormat>1.0</ArcGISFormat><SyncOnce>TRUE</SyncOnce><DataProperties><lineage><Process ToolSource="c:\program files\arcgis\pro\Resources\ArcToolbox\toolboxes\Data Management Tools.tbx\CreateFeatureclass" Date="20200622" Time="184719">CreateFeatureclass D:\PALOMARIN_CAPSTONE\Territories NWCS Polygon # No No "PROJCS['NAD_1983_StatePlane_California_II_FIPS_0402',GEOGCS['GCS_North_American_1983',DATUM['D_North_American_1983',SPHEROID['GRS_1980',6378137.0,298.257222101]],PRIMEM['Greenwich',0.0],UNIT['Degree',0.0174532925199433]],PROJECTION['Lambert_Conformal_Conic'],PARAMETER['False_Easting',2000000.0],PARAMETER['False_Northing',500000.0],PARAMETER['Central_Meridian',-122.0],PARAMETER['Standard_Parallel_1',38.33333333333334],PARAMETER['Standard_Parallel_2',39.83333333333334],PARAMETER['Latitude_Of_Origin',37.66666666666666],UNIT['Meter',1.0]];-35116700 -28596900 121336207.889454;-100000 10000;-100000 10000;0.001;0.001;0.001;IsHighPrecision" # 0 0 0 #</Process></lineage></DataProperties></Esri></metadata>
