<?xml version="1.0" encoding="UTF-8"?>
<metadata xml:lang="en"><Esri><CreaDate>20200530</CreaDate><CreaTime>16551000</CreaTime><ArcGISFormat>1.0</ArcGISFormat><SyncOnce>TRUE</SyncOnce><DataProperties><lineage><Process ToolSource="c:\program files\arcgis\pro\Resources\ArcToolbox\toolboxes\Data Management Tools.tbx\CreateFeatureclass" Date="20200527" Time="140601">CreateFeatureclass D:\PALOMARIN_CAPSTONE SOSP_territories Polygon # No No "PROJCS['NAD_1983_StatePlane_California_II_FIPS_0402',GEOGCS['GCS_North_American_1983',DATUM['D_North_American_1983',SPHEROID['GRS_1980',6378137.0,298.257222101]],PRIMEM['Greenwich',0.0],UNIT['Degree',0.0174532925199433]],PROJECTION['Lambert_Conformal_Conic'],PARAMETER['False_Easting',2000000.0],PARAMETER['False_Northing',500000.0],PARAMETER['Central_Meridian',-122.0],PARAMETER['Standard_Parallel_1',38.33333333333334],PARAMETER['Standard_Parallel_2',39.83333333333334],PARAMETER['Latitude_Of_Origin',37.66666666666666],UNIT['Meter',1.0]];-35116700 -28596900 121336207.889454;-100000 10000;-100000 10000;0.001;0.001;0.001;IsHighPrecision" # 0 0 0 #</Process><Process ToolSource="c:\program files\arcgis\pro\Resources\ArcToolbox\toolboxes\Data Management Tools.tbx\CopyMultiple" Date="20200530" Time="165510">CopyMultiple "D:\PALOMARIN_CAPSTONE\wrentit_territories_first.shp shapefile_polygon;D:\PALOMARIN_CAPSTONE\SOSP_territories.shp shapefile_polygon" D:\PALOMARIN_CAPSTONE\Territories wrentit_territories_first;SOSP_territories "wrentit_territories_first FeatureClass wrentit_territories_first.shp #;SOSP_territories FeatureClass SOSP_territories.shp #"</Process><Process ToolSource="c:\program files\arcgis\pro\Resources\ArcToolbox\Toolboxes\Data Management Tools.tbx\UpdateSchema" Date="20200620" Time="144053">UpdateSchema "CIMDATA=&lt;CIMStandardDataConnection xsi:type='typens:CIMStandardDataConnection' xmlns:xsi='http://www.w3.org/2001/XMLSchema-instance' xmlns:xs='http://www.w3.org/2001/XMLSchema' xmlns:typens='http://www.esri.com/schemas/ArcGIS/2.3.0'&gt;&lt;WorkspaceConnectionString&gt;DATABASE=D:\PALOMARIN_CAPSTONE\Territories&lt;/WorkspaceConnectionString&gt;&lt;WorkspaceFactory&gt;Shapefile&lt;/WorkspaceFactory&gt;&lt;Dataset&gt;SOSP_territories.shp&lt;/Dataset&gt;&lt;DatasetType&gt;esriDTFeatureClass&lt;/DatasetType&gt;&lt;/CIMStandardDataConnection&gt;" &lt;operationSequence&gt;&lt;workflow&gt;&lt;AddField&gt;&lt;field_name&gt;Species&lt;/field_name&gt;&lt;field_type&gt;TEXT&lt;/field_type&gt;&lt;field_length&gt;255&lt;/field_length&gt;&lt;field_is_nullable&gt;False&lt;/field_is_nullable&gt;&lt;field_is_required&gt;False&lt;/field_is_required&gt;&lt;/AddField&gt;&lt;/workflow&gt;&lt;/operationSequence&gt;</Process></lineage><itemProps><itemLocation><linkage Sync="TRUE">file://\\LAPTOP-IK35FDSC\D$\PALOMARIN_CAPSTONE\Territories\SOSP_territories</linkage><protocol Sync="TRUE">Local Area Network</protocol></itemLocation></itemProps><copyHistory><copy source="D:\PALOMARIN_CAPSTONE\SOSP_territories" dest="\\LAPTOP-IK35FDSC\D$\PALOMARIN_CAPSTONE\Territories\SOSP_territories" date="20200530" time="16551000"></copy></copyHistory></DataProperties></Esri></metadata>
